﻿{"cameraMode":{"drawMode":0,"name":"Shaded","section":"Shading Mode"},"sceneLighting":true,"audioPlay":false,"sceneViewState":{"showFog":true,"showMaterialUpdate":false,"showSkybox":true,"showFlares":true,"showImageEffects":true,"showParticleSystems":true},"in2DMode":false,"pivot":{"x":276.7841796875,"y":1618.5809326171875,"z":-3.721224784851074},"rotation":{"x":0.43602240085601809,"y":-0.06469416618347168,"z":0.03141802176833153,"w":0.8971207737922669},"size":15.554399490356446,"orthographic":false}